{"center": [37.376982827420065, -112.25654138372222], "bounds": [-112.31511735099923, 37.32612616464696, -112.19796541644521, 37.427839490193165]}